observation_date,FREUINDXM
1987-01-01,69.95834
1987-02-01,60.32132
1987-03-01,97.61026
1987-04-01,77.49410
1987-05-01,58.17477
1987-06-01,87.84770
1987-07-01,41.39511
1987-08-01,46.29238
1987-09-01,43.17304
1987-10-01,121.77264
1987-11-01,152.81003
1987-12-01,94.86509
1988-01-01,102.48280
1988-02-01,80.34040
1988-03-01,92.95790
1988-04-01,80.04029
1988-05-01,88.56709
1988-06-01,80.08071
1988-07-01,54.98030
1988-08-01,84.88540
1988-09-01,89.29541
1988-10-01,63.32862
1988-11-01,101.43792
1988-12-01,75.76390
1989-01-01,58.82336
1989-02-01,58.72576
1989-03-01,58.73700
1989-04-01,50.24379
1989-05-01,54.23667
1989-06-01,100.25265
1989-07-01,87.73611
1989-08-01,70.94529
1989-09-01,79.52281
1989-10-01,91.54791
1989-11-01,108.77422
1989-12-01,67.24018
1990-01-01,75.87446
1990-02-01,113.93445
1990-03-01,134.37509
1990-04-01,96.06862
1990-05-01,63.14083
1990-06-01,101.28418
1990-07-01,63.81175
1990-08-01,55.49462
1990-09-01,157.42015
1990-10-01,157.21353
1990-11-01,123.07102
1990-12-01,119.05862
1991-01-01,102.56120
1991-02-01,120.20461
1991-03-01,129.19830
1991-04-01,120.83728
1991-05-01,116.28113
1991-06-01,149.96433
1991-07-01,98.35049
1991-08-01,97.80922
1991-09-01,76.76366
1991-10-01,128.87906
1991-11-01,99.00208
1991-12-01,103.47968
1992-01-01,64.89086
1992-02-01,73.68728
1992-03-01,68.80319
1992-04-01,86.34410
1992-05-01,112.58644
1992-06-01,138.45617
1992-07-01,125.34593
1992-08-01,90.83674
1992-09-01,220.30408
1992-10-01,165.47289
1992-11-01,139.11331
1992-12-01,121.13798
1993-01-01,129.53700
1993-02-01,99.14982
1993-03-01,142.02041
1993-04-01,129.25759
1993-05-01,163.31032
1993-06-01,119.87846
1993-07-01,114.90540
1993-08-01,63.69198
1993-09-01,88.68943
1993-10-01,88.74533
1993-11-01,126.64506
1993-12-01,105.48301
1994-01-01,109.18221
1994-02-01,95.94909
1994-03-01,78.75139
1994-04-01,74.15969
1994-05-01,86.55762
1994-06-01,136.33635
1994-07-01,95.00140
1994-08-01,115.10947
1994-09-01,77.29765
1994-10-01,148.32245
1994-11-01,98.58876
1994-12-01,115.61132
1995-01-01,150.71796
1995-02-01,85.12711
1995-03-01,124.21915
1995-04-01,92.98819
1995-05-01,91.00518
1995-06-01,61.66781
1995-07-01,60.23467
1995-08-01,59.16340
1995-09-01,122.84263
1995-10-01,133.46191
1995-11-01,93.48212
1995-12-01,128.46170
1996-01-01,51.32093
1996-02-01,98.08697
1996-03-01,73.19598
1996-04-01,83.35417
1996-05-01,53.38554
1996-06-01,83.06490
1996-07-01,81.57215
1996-08-01,45.33016
1996-09-01,81.54114
1996-10-01,92.87281
1996-11-01,76.70374
1996-12-01,75.19551
1997-01-01,88.76413
1997-02-01,68.00467
1997-03-01,62.07292
1997-04-01,93.86885
1997-05-01,82.89987
1997-06-01,88.14984
1997-07-01,82.05876
1997-08-01,32.73999
1997-09-01,66.51674
1997-10-01,59.29633
1997-11-01,79.60984
1997-12-01,62.68273
1998-01-01,51.94141
1998-02-01,55.64113
1998-03-01,32.82840
1998-04-01,100.12669
1998-05-01,59.02740
1998-06-01,52.63697
1998-07-01,52.46162
1998-08-01,26.05470
1998-09-01,95.31884
1998-10-01,59.14083
1998-11-01,62.61158
1998-12-01,66.05536
1999-01-01,83.07643
1999-02-01,42.25164
1999-03-01,49.74752
1999-04-01,55.28369
1999-05-01,24.78511
1999-06-01,32.23488
1999-07-01,20.79173
1999-08-01,11.28731
1999-09-01,28.03570
1999-10-01,27.94558
1999-11-01,49.83722
1999-12-01,33.27028
2000-01-01,18.45134
2000-02-01,33.22514
2000-03-01,42.40266
2000-04-01,16.59283
2000-05-01,55.37306
2000-06-01,35.07029
2000-07-01,40.53877
2000-08-01,23.92303
2000-09-01,40.68970
2000-10-01,52.01387
2000-11-01,50.24770
2000-12-01,42.71173
2001-01-01,35.25222
2001-02-01,40.80909
2001-03-01,53.73912
2001-04-01,48.07552
2001-05-01,50.06756
2001-06-01,40.91661
2001-07-01,74.39384
2001-08-01,39.03705
2001-09-01,133.80025
2001-10-01,142.71621
2001-11-01,77.61002
2001-12-01,53.65440
2002-01-01,82.98913
2002-02-01,56.49703
2002-03-01,96.01068
2002-04-01,100.06084
2002-05-01,102.20846
2002-06-01,113.78112
2002-07-01,129.77660
2002-08-01,132.48049
2002-09-01,192.17466
2002-10-01,160.02908
2002-11-01,143.57958
2002-12-01,108.72427
2003-01-01,196.79140
2003-02-01,210.70569
2003-03-01,227.44424
2003-04-01,163.98829
2003-05-01,112.24478
2003-06-01,110.51319
2003-07-01,90.50467
2003-08-01,30.62037
2003-09-01,95.08572
2003-10-01,80.04883
2003-11-01,78.83218
2003-12-01,75.70653
2004-01-01,76.26370
2004-02-01,51.82108
2004-03-01,156.44856
2004-04-01,169.84111
2004-05-01,170.88304
2004-06-01,128.39176
2004-07-01,99.18596
2004-08-01,99.52499
2004-09-01,143.28976
2004-10-01,122.15467
2004-11-01,195.93342
2004-12-01,110.08413
2005-01-01,65.62034
2005-02-01,90.66368
2005-03-01,107.57062
2005-04-01,117.04657
2005-05-01,149.05826
2005-06-01,117.74842
2005-07-01,101.27152
2005-08-01,85.01701
2005-09-01,156.94859
2005-10-01,62.82377
2005-11-01,85.19087
2005-12-01,53.46964
2006-01-01,78.60295
2006-02-01,55.29086
2006-03-01,68.94371
2006-04-01,103.31401
2006-05-01,88.35650
2006-06-01,96.58042
2006-07-01,84.71546
2006-08-01,47.26743
2006-09-01,58.60936
2006-10-01,102.57925
2006-11-01,45.52824
2006-12-01,65.25806
2007-01-01,100.06441
2007-02-01,110.79165
2007-03-01,69.78370
2007-04-01,79.72940
2007-05-01,110.59763
2007-06-01,74.18859
2007-07-01,48.65173
2007-08-01,151.14530
2007-09-01,267.54609
2007-10-01,147.15820
2007-11-01,113.97407
2007-12-01,120.65788
2008-01-01,224.44047
2008-02-01,144.97714
2008-03-01,191.32722
2008-04-01,120.20120
2008-05-01,73.11942
2008-06-01,108.19529
2008-07-01,87.52264
2008-08-01,107.71618
2008-09-01,206.84397
2008-10-01,272.48976
2008-11-01,170.81039
2008-12-01,217.35977
2009-01-01,216.79994
2009-02-01,163.95768
2009-03-01,125.64456
2009-04-01,126.07745
2009-05-01,117.11368
2009-06-01,111.88032
2009-07-01,108.00830
2009-08-01,98.04609
2009-09-01,118.88256
2009-10-01,124.04782
2009-11-01,213.29011
2009-12-01,140.35946
2010-01-01,147.08038
2010-02-01,171.11748
2010-03-01,169.56922
2010-04-01,152.00736
2010-05-01,368.22845
2010-06-01,135.45887
2010-07-01,187.11680
2010-08-01,170.77811
2010-09-01,214.52643
2010-10-01,309.01094
2010-11-01,152.43801
2010-12-01,311.90801
2011-01-01,162.46417
2011-02-01,210.01119
2011-03-01,271.07414
2011-04-01,241.78795
2011-05-01,164.03364
2011-06-01,228.37820
2011-07-01,211.36402
2011-08-01,256.70833
2011-09-01,312.25346
2011-10-01,298.85209
2011-11-01,361.36985
2011-12-01,283.25139
2012-01-01,289.39777
2012-02-01,299.14963
2012-03-01,219.13884
2012-04-01,330.94552
2012-05-01,313.97367
2012-06-01,380.17915
2012-07-01,241.55753
2012-08-01,144.79933
2012-09-01,243.70952
2012-10-01,284.00884
2012-11-01,332.82086
2012-12-01,270.13154
2013-01-01,318.23907
2013-02-01,242.87603
2013-03-01,259.25509
2013-04-01,300.53116
2013-05-01,256.80841
2013-06-01,293.78504
2013-07-01,215.33032
2013-08-01,143.93038
2013-09-01,244.41395
2013-10-01,287.16965
2013-11-01,185.95941
2013-12-01,223.97088
2014-01-01,221.41380
2014-02-01,139.96910
2014-03-01,221.99613
2014-04-01,175.99145
2014-05-01,188.42922
2014-06-01,159.18368
2014-07-01,148.74221
2014-08-01,132.21719
2014-09-01,242.48574
2014-10-01,208.56678
2014-11-01,195.18890
2014-12-01,261.02573
2015-01-01,178.69872
2015-02-01,238.49513
2015-03-01,174.19758
2015-04-01,211.13492
2015-05-01,197.79858
2015-06-01,303.52773
2015-07-01,314.76037
2015-08-01,171.73944
2015-09-01,263.03016
2015-10-01,231.93369
2015-11-01,200.97588
2015-12-01,206.39485
2016-01-01,241.42454
2016-02-01,324.04654
2016-03-01,253.68586
2016-04-01,216.33028
2016-05-01,241.11566
2016-06-01,444.34198
2016-07-01,410.00738
2016-08-01,178.72028
2016-09-01,291.67301
2016-10-01,256.62361
2016-11-01,448.59508
2016-12-01,408.26755
2017-01-01,462.96557
2017-02-01,379.42595
2017-03-01,521.56415
2017-04-01,574.63314
2017-05-01,288.26044
2017-06-01,308.56529
2017-07-01,176.46953
2017-08-01,164.05329
2017-09-01,256.47821
2017-10-01,227.00539
2017-11-01,251.36941
2017-12-01,194.63213
2018-01-01,221.13757
2018-02-01,192.03059
2018-03-01,195.57214
2018-04-01,187.36111
2018-05-01,303.05391
2018-06-01,331.26208
2018-07-01,239.72984
2018-08-01,184.52117
2018-09-01,230.68047
2018-10-01,302.29285
2018-11-01,274.45790
2018-12-01,339.57652
2019-01-01,363.04774
2019-02-01,267.58360
2019-03-01,238.68935
2019-04-01,206.50388
2019-05-01,159.84601
2019-06-01,244.02555
2019-07-01,269.49667
2019-08-01,287.83404
2019-09-01,275.04958
2019-10-01,267.70971
2019-11-01,246.59494
2019-12-01,244.38811
2020-01-01,254.26959
2020-02-01,238.52343
2020-03-01,367.15702
2020-04-01,320.16271
2020-05-01,305.83698
2020-06-01,321.69085
2020-07-01,242.34147
2020-08-01,202.95087
2020-09-01,432.69126
2020-10-01,358.26841
2020-11-01,403.88629
2020-12-01,257.26734
2021-01-01,276.37227
2021-02-01,226.43034
2021-03-01,258.44636
2021-04-01,186.40505
2021-05-01,210.55607
2021-06-01,219.50013
2021-07-01,251.80142
2021-08-01,231.69912
2021-09-01,236.94299
2021-10-01,270.22984
2021-11-01,310.08135
2021-12-01,331.31548
2022-01-01,313.78811
2022-02-01,298.90660
2022-03-01,429.93557
2022-04-01,322.84144
2022-05-01,380.59057
2022-06-01,420.58773
2022-07-01,495.31645
2022-08-01,231.02197
2022-09-01,255.82428
2022-10-01,372.27651
2022-11-01,302.97607
2022-12-01,261.96710
2023-01-01,296.32167
2023-02-01,327.79796
2023-03-01,382.92593
2023-04-01,269.84015
2023-05-01,295.31021
2023-06-01,214.01936
2023-07-01,236.53629
2023-08-01,152.65546
2023-09-01,243.34776
2023-10-01,261.82449
2023-11-01,282.45586
2023-12-01,321.28587
2024-01-01,274.02961
2024-02-01,243.01898
2024-03-01,187.76200
2024-04-01,169.77212
2024-05-01,304.44627
2024-06-01,409.27206
2024-07-01,543.93256
2024-08-01,370.78547
2024-09-01,436.40558
2024-10-01,322.28924
2024-11-01,486.84426
2024-12-01,567.70885
2025-01-01,563.13894
2025-02-01,382.71304
2025-03-01,536.66051
2025-04-01,619.74814
2025-05-01,424.85097
2025-06-01,445.04421
2025-07-01,467.39908
2025-08-01,268.23510
2025-09-01,550.32571
2025-10-01,517.75856
2025-11-01,462.30490
2025-12-01,374.93329
2026-01-01,458.22858
2026-02-01,501.76849
2026-03-01,486.63051
2026-04-01,520.71295
